Utility,CED (MJ),Global warming (kg CO2 eq),Stratospheric ozone depletion (kg CFC-11 eq),Ionizing radiation (kBq Co-60 eq),Ozone formation Human health (kg NOx eq),Fine particulate matter formation (kg PM2.5 eq),Ozone formation Terrestrial ecosystems (kg NOx eq),Terrestrial acidification (mol H+ eq),Freshwater eutrophication (kg P eq),Marine eutrophication (kg N eq),"Terrestrial ecotoxicity (kg 1,4-DCB eq)","Freshwater ecotoxicity (kg 1,4-DCB eq)","Marine ecotoxicity (kg 1,4-DCB eq)","Human carcinogenic toxicity (kg 1,4-DCB eq)","Human non-carcinogenic toxicity (kg 1,4-DCB eq)",Land use (m2 crop eq),Mineral resource scarcity (kg Cu eq),Fossil resource scarcity (kg oil eq),Water consumption (m3)
Grid electricity,11.2,0.48,0.000000032,0.095,0.0018,0.00085,0.0019,0.0045,0.000018,0.00065,0.025,0.018,0.022,0.0085,0.125,0.0085,0.00025,0.95,0.0018
Diesel,53.4,3.15,0.00000018,0.008,0.0095,0.0045,0.0098,0.024,0.000085,0.0032,0.085,0.065,0.075,0.032,0.485,0.025,0.00065,1.85,0.00032
Natural gas,39.8,2.18,0.000000095,0.006,0.0042,0.00125,0.0044,0.0085,0.000032,0.0014,0.032,0.025,0.028,0.012,0.185,0.012,0.00035,1.25,0.00085
Coal,47.6,3.96,0.00000012,0.012,0.0087,0.0065,0.0089,0.032,0.000098,0.0045,0.125,0.095,0.11,0.045,0.68,0.045,0.00085,1.15,0.0025
Steam,3.2,0.25,8.5E-09,0.003,0.0021,0.00095,0.0022,0.0052,0.000021,0.00085,0.018,0.014,0.016,0.0065,0.095,0.0065,0.00018,0.75,0.0015
Process water,0.012,0.0003,1.2E-10,0.0000015,0.00000085,0.00000032,0.00000091,0.0000028,0.000000015,0.00000042,0.0000085,0.0000068,0.0000075,0.0000028,0.000042,0.0000018,0.000000025,0.0001,1
Cooling water,0.008,0.0002,8E-11,0.000001,0.00000052,0.00000021,0.00000058,0.0000019,9.2E-09,0.00000028,0.0000052,0.0000041,0.0000048,0.0000019,0.000028,0.0000012,0.000000018,0.00008,1
